Trienio,Semestre,Curso,Min,Max,Media,N
2023-2025,1º,(BACHARELADOS)**,1.0,145.39,86.141,63
2023-2025,1º,ADMINISTRAÇÃO (BACHARELADO),-7.05,99.156,32.628,37
2023-2025,1º,AGRONOMIA (BACHARELADO),-5.377,112.172,18.261,24
2023-2025,1º,ARQUITETURA E URBANISMO (BACHARELADO),48.138,146.303,88.339,16
2023-2025,1º,ARQUIVOLOGIA (BACHARELADO),-57.868,41.329,-16.511,13
2023-2025,1º,ARTES CÊNICAS (BACHARELADO),23.679,42.35,31.286,3
2023-2025,1º,ARTES CÊNICAS (LICENCIATURA),-53.375,29.579,-0.197,6
2023-2025,1º,ARTES VISUAIS (BACHARELADO),13.225,75.062,46.192,6
2023-2025,1º,BIBLIOTECONOMIA (BACHARELADO),-57.49,36.282,-21.287,11
2023-2025,1º,BIOTECNOLOGIA (BACHARELADO),67.536,157.41,98.213,9
2023-2025,1º,CIÊNCIA DA COMPUTAÇÃO (BACHARELADO),135.827,166.528,146.251,9
2023-2025,1º,CIÊNCIA POLÍTICA (BACHARELADO),55.467,112.083,76.774,11
2023-2025,1º,CIÊNCIAS AMBIENTAIS (BACHARELADO),-60.711,-15.392,-38.34,5
2023-2025,1º,CIÊNCIAS BIOLÓGICAS (BACHARELADO),78.793,119.236,100.085,9
2023-2025,1º,CIÊNCIAS BIOLÓGICAS (LICENCIATURA),-14.729,54.739,15.396,15
2023-2025,1º,CIÊNCIAS CONTÁBEIS (BACHARELADO),-27.789,82.737,15.47,34
2023-2025,1º,CIÊNCIAS ECONÔMICAS (BACHARELADO),98.037,136.512,115.996,11
2023-2025,1º,CIÊNCIAS NATURAIS (LICENCIATURA),-78.391,13.11,-47.42,11
2023-2025,1º,CIÊNCIAS SOCIAIS – ANTROPOLOGIA/SOCIOLOGIA (BACHARELADO/LICENCIATURA),-15.532,69.84,13.536,27
2023-2025,1º,COMPUTAÇÃO (LICENCIATURA),-22.177,45.581,11.765,17
2023-2025,1º,COMUNICAÇÃO ORGANIZACIONAL (BACHARELADO),8.45,66.357,35.601,13
2023-2025,1º,COMUNICAÇÃO SOCIAL – AUDIOVISUAL (BACHARELADO),69.433,134.182,91.85,4
2023-2025,1º,COMUNICAÇÃO SOCIAL – PUBLICIDADE E PROPAGANDA (BACHARELADO),56.963,86.414,67.864,4
2023-2025,1º,DESIGN (BACHARELADO),87.407,110.73,96.504,4
2023-2025,1º,DIREITO (BACHARELADO),104.746,172.039,133.004,26
2023-2025,1º,EDUCAÇÃO FÍSICA CICLO BÁSICO (BACHARELADO/LICENCIATURA),1.609,38.076,15.261,22
2023-2025,1º,ENFERMAGEM (BACHARELADO),28.045,92.811,56.68,20
2023-2025,1º,ENGENHARIA AMBIENTAL (BACHARELADO),-53.928,39.353,-14.567,15
2023-2025,1º,ENGENHARIA CIVIL (BACHARELADO),71.072,110.0,85.217,9
2023-2025,1º,ENGENHARIA DE COMPUTAÇÃO (BACHARELADO),120.918,167.223,138.636,9
2023-2025,1º,ENGENHARIA DE PRODUÇÃO (BACHARELADO),49.032,130.073,81.109,15
2023-2025,1º,ENGENHARIA DE REDES DE COMUNICAÇÃO (BACHARELADO),7.513,63.406,40.047,10
2023-2025,1º,ENGENHARIA ELÉTRICA (BACHARELADO),97.075,144.38,118.454,11
2023-2025,1º,ENGENHARIA FLORESTAL (BACHARELADO),-69.015,65.667,-21.586,19
2023-2025,1º,ENGENHARIA MECATRÔNICA (BACHARELADO),84.017,170.136,115.968,9
2023-2025,1º,ENGENHARIA MECÂNICA (BACHARELADO),83.117,151.18,103.689,9
2023-2025,1º,ENGENHARIA QUÍMICA (BACHARELADO),51.716,135.786,80.587,12
2023-2025,1º,ESTATÍSTICA (BACHARELADO),14.483,111.408,51.033,15
2023-2025,1º,FARMÁCIA (BACHARELADO),18.047,93.959,51.637,27
2023-2025,1º,FILOSOFIA (BACHARELADO/LICENCIATURA),-100.426,-3.548,-38.814,10
2023-2025,1º,FILOSOFIA (LICENCIATURA),-52.159,5.216,-27.125,3
2023-2025,1º,FISIOTERAPIA (BACHARELADO),30.23,81.869,44.543,11
2023-2025,1º,FONOAUDIOLOGIA (BACHARELADO),16.721,40.508,26.517,8
2023-2025,1º,FÍSICA (BACHARELADO),14.167,97.592,43.861,13
2023-2025,1º,FÍSICA (LICENCIATURA),-62.273,125.678,24.071,5
2023-2025,1º,GEOFÍSICA (BACHARELADO),-47.993,45.309,-0.79,4
2023-2025,1º,GEOGRAFIA (BACHARELADO/LICENCIATURA),-90.016,129.343,-21.763,12
2023-2025,1º,GEOLOGIA (BACHARELADO),-63.489,80.103,14.12,15
2023-2025,1º,GEOLOGIA (BACHARELADO) – SUB JUDICE,19.627,19.627,19.627,1
2023-2025,1º,GESTÃO DE AGRONEGÓCIO (BACHARELADO),-46.176,16.69,-16.538,9
2023-2025,1º,GESTÃO DE POLÍTICAS PÚBLICAS (BACHARELADO),-2.832,64.854,16.531,11
2023-2025,1º,GESTÃO DO AGRONEGÓCIO (BACHARELADO),-82.791,-28.816,-54.861,10
2023-2025,1º,HISTÓRIA (BACHARELADO/LICENCIATURA),47.472,96.499,62.423,9
2023-2025,1º,HISTÓRIA (LICENCIATURA),-85.388,45.426,-22.875,15
2023-2025,1º,JORNALISMO (BACHARELADO),85.895,103.7,94.266,4
2023-2025,1º,LETRAS PORTUGUÊS DO BRASIL COMO SEG. LÍNGUA (LICENCIATURA),-75.904,-4.147,-41.017,9
2023-2025,1º,LETRAS TRADUÇÃO ESPANHOL (BACHARELADO),-56.271,-56.271,-56.271,1
2023-2025,1º,LETRAS TRADUÇÃO FRANCÊS (BACHARELADO),-18.595,-18.595,-18.595,1
2023-2025,1º,LETRAS TRADUÇÃO INGLÊS (BACHARELADO),-75.983,32.724,-18.763,8
2023-2025,1º,LETRAS TRADUÇÃO INGLÊS (BACHARELADO) – SUB JUDICE,-36.287,-36.287,-36.287,1
2023-2025,1º,LÍNGUA E LITERATURA JAPONESA (LICENCIATURA),-83.555,-45.663,-62.93,3
2023-2025,1º,LÍNGUA ESPANHOLA E LITERATURA ESPANHOLA E HISPANO - AMERICANA (LICENCIATURA),-79.029,-60.693,-69.508,3
2023-2025,1º,LÍNGUA FRANCESA (BACHARELADO/LICENCIATURA),-87.339,-26.043,-52.361,6
2023-2025,1º,LÍNGUA INGLESA (BACHARELADO/LICENCIATURA),15.306,83.036,36.712,5
2023-2025,1º,LÍNGUA PORTUGUESA (BACHARELADO/LICENCIATURA),46.683,88.696,60.263,6
2023-2025,1º,LÍNGUA PORTUGUESA (LICENCIATURA),-56.955,23.041,-15.781,7
2023-2025,1º,LÍNGUAS ESTRANGEIRAS APLICADAS (BACHARELADO),-60.26,-0.938,-29.205,11
2023-2025,1º,MATEMÁTICA (BACHARELADO/LICENCIATURA),-20.737,105.88,44.416,14
2023-2025,1º,MATEMÁTICA (BACHARELADO/LICENCIATURA) – SUB JUDICE,40.442,40.442,40.442,1
2023-2025,1º,MATEMÁTICA (LICENCIATURA),-51.641,31.378,-15.259,7
2023-2025,1º,MEDICINA (BACHARELADO),166.75,190.334,173.929,9
2023-2025,1º,MEDICINA VETERINÁRIA (BACHARELADO),66.643,99.685,80.866,9
2023-2025,1º,MUSEOLOGIA (BACHARELADO),-79.405,19.145,-20.969,6
2023-2025,1º,MÚSICA (BACHARELADO)*,-2.409,65.653,31.622,2
2023-2025,1º,MÚSICA (LICENCIATURA)*,-15.971,132.273,48.549,4
2023-2025,1º,NUTRIÇÃO (BACHARELADO),70.097,99.32,84.562,7
2023-2025,1º,ODONTOLOGIA (BACHARELADO),91.436,127.254,111.576,6
2023-2025,1º,PEDAGOGIA (LICENCIATURA),-24.607,65.014,10.584,22
2023-2025,1º,PSICOLOGIA (BACHARELADO/LICENCIATURA/PSICÓLOGO),92.692,149.897,105.523,11
2023-2025,1º,QUÍMICA (BACHARELADO),5.562,107.231,47.596,9
2023-2025,1º,QUÍMICA (LICENCIATURA),-54.702,44.043,-1.839,4
2023-2025,1º,QUÍMICA TECNOLÓGICA (BACHARELADO),-30.086,126.278,26.45,7
2023-2025,1º,QUÍMICA TECNOLÓGICA (BACHARELADO) – SUB JUDICE,91.458,91.458,91.458,1
2023-2025,1º,RELAÇÕES INTERNACIONAIS (BACHARELADO),105.105,162.477,121.308,11
2023-2025,1º,SAÚDE COLETIVA (BACHARELADO),-73.062,9.485,-43.703,20
2023-2025,1º,SERVIÇO SOCIAL (BACHARELADO),-61.117,58.364,-17.56,18
2023-2025,1º,TEORIA CRÍTICA E HISTÓRIA DA ARTE (BACHARELADO),-22.04,8.621,-6.709,2
2023-2025,1º,TERAPIA OCUPACIONAL (BACHARELADO),2.706,46.76,14.439,11
2023-2025,1º,TURISMO (BACHARELADO),-62.252,51.489,-31.225,14
2022-2024,1º,(BACHARELADOS)**,51.901,126.005,75.465,97
2022-2024,1º,ADMINISTRAÇÃO (BACHARELADO),-38.595,89.957,11.549,60
2022-2024,1º,AGRONOMIA (BACHARELADO),-48.862,111.678,1.155,49
2022-2024,1º,ARQUITETURA E URBANISMO (BACHARELADO),16.573,125.153,71.638,23
2022-2024,1º,ARQUIVOLOGIA (BACHARELADO),-51.975,4.385,-30.898,10
2022-2024,1º,ARTES CÊNICAS - INTERPRETAÇÃO TEATRAL (BACHARELADO),47.418,70.599,57.683,4
2022-2024,1º,ARTES VISUAIS (BACHARELADO),15.194,74.696,34.462,6
2022-2024,1º,ARTES VISUAIS (BACHARELADO)*,12.612,12.638,12.625,2
2022-2024,1º,BIBLIOTECONOMIA (BACHARELADO),-51.958,33.575,-10.668,12
2022-2024,1º,BIOTECNOLOGIA (BACHARELADO),30.328,113.585,64.477,19
2022-2024,1º,CIÊNCIA DA COMPUTAÇÃO (BACHARELADO),126.977,151.587,137.478,16
2022-2024,1º,CIÊNCIA POLÍTICA (BACHARELADO),28.82,85.436,46.636,19
2022-2024,1º,CIÊNCIAS AMBIENTAIS (BACHARELADO),-71.972,60.887,-6.211,8
2022-2024,1º,CIÊNCIAS BIOLÓGICAS (BACHARELADO),57.494,109.221,72.515,11
2022-2024,1º,CIÊNCIAS CONTÁBEIS (BACHARELADO),-61.448,119.586,9.195,47
2022-2024,1º,CIÊNCIAS ECONÔMICAS (BACHARELADO),77.597,145.766,95.724,12
2022-2024,1º,CIÊNCIAS ECONÔMICAS (BACHARELADO) – SUB JUDICE,113.023,113.023,113.023,1
2022-2024,1º,CIÊNCIAS NATURAIS (LICENCIATURA),-85.326,34.196,-34.098,12
2022-2024,1º,CIÊNCIAS SOCIAIS – ANTROPOLOGIA / SOCIOLOGIA (BACHARELADO/LICENCIATURA),-71.399,83.207,-4.288,46
2022-2024,1º,CIÊNCIAS SOCIAIS – ANTROPOLOGIA / SOCIOLOGIA (BACHARELADO/LICENCIATURA) – SUB JUDICE,14.041,14.041,14.041,1
2022-2024,1º,COMPUTAÇÃO (LICENCIATURA),-38.084,41.108,-11.069,24
2022-2024,1º,COMUNICAÇÃO ORGANIZACIONAL (BACHARELADO),-17.417,61.044,17.442,18
2022-2024,1º,COMUNICAÇÃO SOCIAL – AUDIOVISUAL (BACHARELADO),59.587,82.143,68.534,6
2022-2024,1º,COMUNICAÇÃO SOCIAL – PUBLICIDADE E PROPAGANDA (BACHARELADO),65.284,96.261,84.184,6
2022-2024,1º,DESIGN – PROGRAMAÇÃO VISUAL/PROJETO DO PRODUTO (BACHARELADO),72.977,101.879,85.253,4
2022-2024,1º,DIREITO (BACHARELADO),84.527,196.085,123.655,39
2022-2024,1º,EDUCAÇÃO FÍSICA CICLO BÁSICO (BACHARELADO/LICENCIATURA),-13.455,59.683,8.782,29
2022-2024,1º,ENFERMAGEM (BACHARELADO),10.069,100.035,40.671,38
2022-2024,1º,ENGENHARIA AMBIENTAL (BACHARELADO),-59.99,74.607,8.425,16
2022-2024,1º,ENGENHARIA CIVIL (BACHARELADO),64.206,133.403,94.582,15
2022-2024,1º,ENGENHARIA DE COMPUTAÇÃO (BACHARELADO),117.303,148.865,129.891,10
2022-2024,1º,ENGENHARIA DE PRODUÇÃO (BACHARELADO),20.292,141.026,61.352,31
2022-2024,1º,ENGENHARIA DE REDES DE COMUNICAÇÃO (BACHARELADO),5.876,78.371,39.396,21
2022-2024,1º,ENGENHARIA ELÉTRICA (BACHARELADO),9.882,199.246,77.534,23
2022-2024,1º,ENGENHARIA FLORESTAL (BACHARELADO),-75.402,37.86,-13.913,16
2022-2024,1º,ENGENHARIA MECATRÔNICA – CONTROLE E AUTOMAÇÃO (BACHARELADO),38.467,130.743,75.626,19
2022-2024,1º,ENGENHARIA MECÂNICA (BACHARELADO),29.195,152.292,67.563,25
2022-2024,1º,ENGENHARIA QUÍMICA (BACHARELADO),-2.839,132.643,47.08,30
2022-2024,1º,ESTATÍSTICA (BACHARELADO),5.611,102.218,51.974,24
2022-2024,1º,FARMÁCIA (BACHARELADO),-6.952,108.318,44.295,36
2022-2024,1º,FILOSOFIA (BACHARELADO/LICENCIATURA),-44.994,42.937,-4.265,13
2022-2024,1º,FILOSOFIA (LICENCIATURA),-40.435,-34.35,-37.392,2
2022-2024,1º,FISIOTERAPIA (BACHARELADO),21.525,66.742,40.485,19
2022-2024,1º,FONOAUDIOLOGIA (BACHARELADO),0.739,51.189,19.737,9
2022-2024,1º,FÍSICA (BACHARELADO),-66.596,163.906,38.758,23
2022-2024,1º,GEOFÍSICA (BACHARELADO),-42.883,41.236,5.993,4
2022-2024,1º,GEOGRAFIA (BACHARELADO/LICENCIATURA),-81.814,30.578,-34.359,10
2022-2024,1º,GEOLOGIA (BACHARELADO),-61.349,71.897,-1.126,9
2022-2024,1º,GESTÃO AMBIENTAL (BACHARELADO),-39.971,-39.971,-39.971,1
2022-2024,1º,GESTÃO DE AGRONEGÓCIO (BACHARELADO),-85.768,-32.886,-58.409,3
2022-2024,1º,GESTÃO DE POLÍTICAS PÚBLICAS (BACHARELADO),-67.945,36.637,-25.062,23
2022-2024,1º,GESTÃO DO AGRONEGÓCIO (BACHARELADO),-76.2,-6.311,-41.661,5
2022-2024,1º,HISTÓRIA (BACHARELADO/LICENCIATURA),26.142,140.922,53.409,13
2022-2024,1º,HISTÓRIA (LICENCIATURA),-48.927,51.751,-11.442,17
2022-2024,1º,JORNALISMO (BACHARELADO),81.921,108.42,95.052,3
2022-2024,1º,LETRAS – PORTUGUÊS DO BRASIL COMO SEGUNDA LÍNGUA (LICENCIATURA),-78.663,14.479,-40.378,15
2022-2024,1º,LETRAS – TRADUÇÃO – INGLÊS (BACHARELADO),-13.463,89.789,37.639,5
2022-2024,1º,LICENCIATURA EM ARTES CÊNICAS,-71.458,51.082,-29.502,6
2022-2024,1º,LICENCIATURA EM CIÊNCIAS BIOLÓGICAS,-71.592,67.748,-6.904,16
2022-2024,1º,LICENCIATURA EM FÍSICA,-18.748,64.091,21.174,5
2022-2024,1º,LICENCIATURA EM MATEMÁTICA,-27.51,-25.265,-26.388,2
2022-2024,1º,LICENCIATURA EM QUÍMICA,-20.381,11.669,-4.665,3
2022-2024,1º,LÍNGUA ESPANHOLA E LITERATURA ESPANHOLA E HISPANO-AMERICANA (LICENCIATURA),-58.017,72.187,-13.073,3
2022-2024,1º,LÍNGUA ESTRANGEIRA APLICADA – MULTILINGUISMO E SOCIEDADE DA INFORMAÇÃO (BACHARELADO),-78.889,50.122,-17.494,11
2022-2024,1º,LÍNGUA FRANCESA E RESPECTIVA LITERATURA (BACHARELADO/LICENCIATURA),-57.237,58.68,0.721,2
2022-2024,1º,LÍNGUA INGLESA E RESPECTIVA LITERATURA (BACHARELADO/LICENCIATURA),12.131,53.836,26.722,4
2022-2024,1º,LÍNGUA PORTUGUESA E RESPECTIVA LITERATURA (BACHARELADO/LICENCIATURA),-4.089,70.605,28.542,11
2022-2024,1º,LÍNGUA PORTUGUESA E RESPECTIVA LITERATURA (LICENCIATURA),-48.148,-20.068,-32.864,5
2022-2024,1º,MATEMÁTICA (BACHARELADO/LICENCIATURA),17.719,98.631,47.648,12
2022-2024,1º,MEDICINA (BACHARELADO),174.435,185.491,178.092,10
2022-2024,1º,MEDICINA VETERINÁRIA (BACHARELADO),66.363,91.945,79.812,13
2022-2024,1º,MUSEOLOGIA (BACHARELADO),-61.582,-45.25,-53.416,2
2022-2024,1º,MÚSICA (LICENCIATURA)*,-21.906,78.393,17.538,3
2022-2024,1º,NUTRIÇÃO (BACHARELADO),58.199,78.849,66.538,11
2022-2024,1º,ODONTOLOGIA (BACHARELADO),72.814,94.658,79.576,8
2022-2024,1º,PEDAGOGIA (LICENCIATURA),-90.365,59.509,-8.107,37
2022-2024,1º,PSICOLOGIA (BACHARELADO / LICENCIATURA / PSICÓLOGO),94.728,143.243,109.514,15
2022-2024,1º,QUÍMICA (BACHARELADO),33.936,108.254,60.972,8
2022-2024,1º,QUÍMICA TECNOLÓGICA (BACHARELADO),-69.808,35.421,-29.602,6
2022-2024,1º,RELAÇÕES INTERNACIONAIS (BACHARELADO),81.547,136.622,96.814,12
2022-2024,1º,SAÚDE COLETIVA (BACHARELADO),-90.959,3.222,-47.895,14
2022-2024,1º,SERVIÇO SOCIAL (BACHARELADO),-48.961,19.794,-17.211,17
2022-2024,1º,"TEORIA, CRÍTICA E HISTÓRIA DA ARTE (BACHARELADO)",-66.561,22.399,-21.639,6
2022-2024,1º,TERAPIA OCUPACIONAL (BACHARELADO),-9.814,29.962,8.757,10
2022-2024,1º,TURISMO (BACHARELADO),-113.422,10.951,-52.988,5
2022-2024,2º,(BACHARELADOS)**,-2.835,50.424,22.944,165
2022-2024,2º,(BACHARELADOS)** – SUB JUDICE,15.82,31.59,23.705,2
2022-2024,2º,ADMINISTRAÇÃO (BACHARELADO),-86.767,12.807,-23.833,48
2022-2024,2º,AGRONOMIA (BACHARELADO),-95.148,73.077,-62.998,24
2022-2024,2º,ARQUITETURA E URBANISMO (BACHARELADO),-12.019,77.537,33.678,26
2022-2024,2º,ARTES CÊNICAS - INTERPRETAÇÃO TEATRAL (BACHARELADO),24.18,29.223,26.967,3
2022-2024,2º,ARTES VISUAIS (BACHARELADO),-49.153,9.382,-20.489,21
2022-2024,2º,ARTES VISUAIS (LICENCIATURA),-78.146,70.753,-9.019,13
2022-2024,2º,BIOTECNOLOGIA (BACHARELADO),-77.641,58.662,-17.383,28
2022-2024,2º,CIÊNCIA DA COMPUTAÇÃO (BACHARELADO),97.634,126.56,110.371,18
2022-2024,2º,CIÊNCIA POLÍTICA (BACHARELADO),-3.609,27.872,9.954,28
2022-2024,2º,CIÊNCIAS BIOLÓGICAS (BACHARELADO),45.298,55.263,49.81,10
2022-2024,2º,CIÊNCIAS CONTÁBEIS (BACHARELADO),-102.261,49.671,-42.207,27
2022-2024,2º,CIÊNCIAS ECONÔMICAS (BACHARELADO),39.718,75.802,59.47,23
2022-2024,2º,COMPUTAÇÃO (LICENCIATURA),-105.03,-44.569,-63.213,11
2022-2024,2º,COMUNICAÇÃO ORGANIZACIONAL (BACHARELADO),-98.302,-18.384,-46.982,8
2022-2024,2º,COMUNICAÇÃO SOCIAL – AUDIOVISUAL (BACHARELADO),29.267,57.784,37.9,5
2022-2024,2º,COMUNICAÇÃO SOCIAL – PUBLICIDADE E PROPAGANDA (BACHARELADO),31.405,48.42,39.771,9
2022-2024,2º,DESIGN – PROGRAMAÇÃO VISUAL/PROJETO DO PRODUTO (BACHARELADO),39.507,69.182,52.468,8
2022-2024,2º,DIREITO (BACHARELADO),74.722,117.929,97.241,30
2022-2024,2º,EDUCAÇÃO FÍSICA CICLO BÁSICO (BACHARELADO/LICENCIATURA),-45.535,46.02,-27.432,50
2022-2024,2º,ENFERMAGEM (BACHARELADO),-6.622,33.032,10.285,40
2022-2024,2º,ENGENHARIA CIVIL (BACHARELADO),-8.597,63.663,32.63,30
2022-2024,2º,ENGENHARIA DE COMPUTAÇÃO (BACHARELADO),84.476,115.572,101.009,17
2022-2024,2º,ENGENHARIA DE PRODUÇÃO (BACHARELADO),-66.153,37.897,-13.889,14
2022-2024,2º,ENGENHARIA DE REDES DE COMUNICAÇÃO (BACHARELADO),-61.976,7.755,-24.624,21
2022-2024,2º,ENGENHARIA ELÉTRICA (BACHARELADO),-52.004,47.542,-22.886,8
2022-2024,2º,ENGENHARIA MECATRÔNICA – CONTROLE E AUTOMAÇÃO (BACHARELADO),-53.525,37.891,0.676,26
2022-2024,2º,ENGENHARIA MECÂNICA (BACHARELADO),-105.128,31.098,-20.78,26
2022-2024,2º,ENGENHARIA QUÍMICA (BACHARELADO),-31.736,7.947,-20.061,5
2022-2024,2º,ESTATÍSTICA (BACHARELADO),-86.083,-0.406,-27.472,7
2022-2024,2º,FARMÁCIA (BACHARELADO),-79.778,42.986,-4.961,62
2022-2024,2º,FISIOTERAPIA (BACHARELADO),-3.235,16.934,7.541,16
2022-2024,2º,FONOAUDIOLOGIA (BACHARELADO),-39.262,27.97,-14.429,21
2022-2024,2º,HISTÓRIA (BACHARELADO/LICENCIATURA),-39.676,17.254,-9.882,21
2022-2024,2º,JORNALISMO (BACHARELADO),61.389,78.377,69.064,5
2022-2024,2º,LETRAS – TRADUÇÃO – INGLÊS (BACHARELADO),-63.287,-20.242,-38.098,12
2022-2024,2º,LÍNGUA INGLESA E RESPECTIVA LITERATURA (BACHARELADO/LICENCIATURA),-16.187,25.042,-3.771,7
2022-2024,2º,LÍNGUA PORTUGUESA E RESPECTIVA LITERATURA (BACHARELADO/LICENCIATURA),-45.165,-4.114,-27.744,15
2022-2024,2º,MATEMÁTICA (BACHARELADO/LICENCIATURA),-65.029,17.561,-28.201,13
2022-2024,2º,MEDICINA (BACHARELADO),161.143,173.057,164.198,14
2022-2024,2º,MEDICINA VETERINÁRIA (BACHARELADO),38.121,63.333,52.747,14
2022-2024,2º,NUTRIÇÃO (BACHARELADO),21.939,56.753,38.296,18
2022-2024,2º,ODONTOLOGIA (BACHARELADO),47.89,71.127,59.22,8
2022-2024,2º,PEDAGOGIA (LICENCIATURA),-93.951,63.94,-46.585,35
2022-2024,2º,PSICOLOGIA (BACHARELADO / LICENCIATURA / PSICÓLOGO),73.199,93.909,82.1,12
2022-2024,2º,QUÍMICA (BACHARELADO),-87.245,32.131,-15.696,30
2022-2024,2º,RELAÇÕES INTERNACIONAIS (BACHARELADO),66.8,80.765,73.525,13
2022-2024,2º,RELAÇÕES INTERNACIONAIS (BACHARELADO) – SUB JUDICE,67.194,67.194,67.194,1
2022-2024,2º,TERAPIA OCUPACIONAL (BACHARELADO),-59.686,-12.674,-38.495,25
2021-2023,1º,(BACHARELADO) - DARCY RIBEIRO (DIURNO),-47.775,48.385,16.708,10
2021-2023,1º,(BACHARELADOS)** - DARCY RIBEIRO (NOTURNO),52.524,144.063,81.948,95
2021-2023,1º,ADMINISTRAÇÃO (BACHARELADO) - DARCY RIBEIRO (DIURNO),26.201,94.873,57.324,19
2021-2023,1º,ADMINISTRAÇÃO (BACHARELADO) - DARCY RIBEIRO (NOTURNO),-27.681,52.003,-2.527,25
2021-2023,1º,AGRONOMIA (BACHARELADO) - DARCY RIBEIRO (DIURNO),-20.694,85.304,16.967,25
2021-2023,1º,ARQUITETURA E URBANISMO (BACHARELADO) - DARCY RIBEIRO (DIURNO),83.25,125.136,101.308,12
2021-2023,1º,ARQUITETURA E URBANISMO (BACHARELADO) - DARCY RIBEIRO (NOTURNO),59.498,87.641,71.671,7
2021-2023,1º,ARQUIVOLOGIA (BACHARELADO) - DARCY RIBEIRO (NOTURNO),-55.63,-13.001,-36.353,7
2021-2023,1º,ARTES CÊNICAS - INTERPRETAÇÃO TEATRAL (BACHARELADO) - DARCY RIBEIRO (DIURNO),4.851,24.387,14.018,4
2021-2023,1º,ARTES VISUAIS (BACHARELADO)* - DARCY RIBEIRO (DIURNO),-17.763,47.739,15.44,13
2021-2023,1º,BIBLIOTECONOMIA (BACHARELADO) - DARCY RIBEIRO (DIURNO),-99.731,28.164,-38.979,14
2021-2023,1º,BIOTECNOLOGIA (BACHARELADO) - DARCY RIBEIRO (DIURNO),60.904,132.613,93.36,13
2021-2023,1º,CIÊNCIA DA COMPUTAÇÃO (BACHARELADO) - DARCY RIBEIRO (DIURNO),142.133,188.751,154.967,15
2021-2023,1º,CIÊNCIA POLÍTICA (BACHARELADO) - DARCY RIBEIRO (DIURNO),47.383,76.944,58.972,12
2021-2023,1º,CIÊNCIAS AMBIENTAIS (BACHARELADO) - DARCY RIBEIRO (NOTURNO),-51.442,9.203,-35.451,6
2021-2023,1º,CIÊNCIAS BIOLÓGICAS (BACHARELADO) - DARCY RIBEIRO (DIURNO),79.249,139.272,102.205,13
2021-2023,1º,CIÊNCIAS CONTÁBEIS (BACHARELADO) - DARCY RIBEIRO (DIURNO),-3.138,74.209,22.593,27
2021-2023,1º,CIÊNCIAS CONTÁBEIS (BACHARELADO) - DARCY RIBEIRO (NOTURNO),-69.227,45.134,-23.407,10
2021-2023,1º,CIÊNCIAS ECONÔMICAS (BACHARELADO) - DARCY RIBEIRO (DIURNO),88.437,150.5,106.813,18
2021-2023,1º,CIÊNCIAS NATURAIS (LICENCIATURA) - UNB PLANALTINA (FUP),-85.11,9.258,-37.733,8
2021-2023,1º,CIÊNCIAS SOCIAIS - ANTROPOLOGIA / SOCIOLOGIA (BACHARELADO/LICENCIATURA) - DARCY RIBEIRO (DIURNO),-19.3,73.106,11.992,34
2021-2023,1º,COMPUTAÇÃO (LICENCIATURA) - DARCY RIBEIRO (NOTURNO),-42.998,71.725,6.445,22
2021-2023,1º,COMUNICAÇÃO ORGANIZACIONAL (BACHARELADO) - DARCY RIBEIRO (NOTURNO),-77.466,57.848,-6.009,20
2021-2023,1º,COMUNICAÇÃO SOCIAL - AUDIOVISUAL (BACHARELADO) - DARCY RIBEIRO (DIURNO),56.245,103.109,71.22,6
2021-2023,1º,COMUNICAÇÃO SOCIAL - PUBLICIDADE E PROPAGANDA (BACHARELADO) - DARCY RIBEIRO (DIURNO),67.927,79.509,72.216,5
2021-2023,1º,DESIGN - PROGRAMAÇÃO VISUAL/PROJETO DO PRODUTO (BACHARELADO) - DARCY RIBEIRO (DIURNO),57.384,107.697,81.682,6
2021-2023,1º,DIREITO (BACHARELADO) - DARCY RIBEIRO (DIURNO),116.335,173.239,138.434,18
2021-2023,1º,DIREITO (BACHARELADO) - DARCY RIBEIRO (NOTURNO),100.214,131.453,113.129,15
2021-2023,1º,EDUCAÇÃO FÍSICA (BACHARELADO) - DARCY RIBEIRO (DIURNO),15.322,78.06,33.713,12
2021-2023,1º,EDUCAÇÃO FÍSICA (LICENCIATURA) - DARCY RIBEIRO (DIURNO),-23.616,39.102,0.325,15
2021-2023,1º,ENFERMAGEM (BACHARELADO) - DARCY RIBEIRO (DIURNO),46.302,128.899,70.423,15
2021-2023,1º,ENFERMAGEM (BACHARELADO) - DARCY RIBEIRO (NOTURNO),36.848,65.958,47.629,12
2021-2023,1º,ENGENHARIA AMBIENTAL (BACHARELADO) - DARCY RIBEIRO (DIURNO),-20.516,67.115,24.143,21
2021-2023,1º,ENGENHARIA CIVIL (BACHARELADO) - DARCY RIBEIRO (DIURNO),56.995,120.301,73.143,15
2021-2023,1º,ENGENHARIA DE COMPUTAÇÃO (BACHARELADO) - DARCY RIBEIRO (DIURNO),112.925,156.459,126.039,12
2021-2023,1º,ENGENHARIA DE PRODUÇÃO (BACHARELADO) - DARCY RIBEIRO (NOTURNO),-75.749,104.096,29.638,22
2021-2023,1º,ENGENHARIA DE REDES DE COMUNICAÇÃO (BACHARELADO) - DARCY RIBEIRO (DIURNO),11.369,61.652,28.636,13
2021-2023,1º,ENGENHARIA ELÉTRICA (BACHARELADO) - DARCY RIBEIRO (DIURNO),82.499,156.3,117.232,17
2021-2023,1º,ENGENHARIA FLORESTAL (BACHARELADO) - DARCY RIBEIRO (DIURNO),-53.021,42.301,-9.659,7
2021-2023,1º,ENGENHARIA MECATRÔNICA - CONTROLE E AUTOMAÇÃO (BACHARELADO) - DARCY RIBEIRO (DIURNO),1.84,156.247,81.481,21
2021-2023,1º,ENGENHARIA MECÂNICA (BACHARELADO) - DARCY RIBEIRO (DIURNO),48.882,136.666,88.459,18
2021-2023,1º,ENGENHARIA QUÍMICA (BACHARELADO) - DARCY RIBEIRO (DIURNO),41.337,136.761,76.816,20
2021-2023,1º,ESTATÍSTICA (BACHARELADO) - DARCY RIBEIRO (DIURNO),10.746,136.549,52.612,23
2021-2023,1º,FARMÁCIA (BACHARELADO) - DARCY RIBEIRO (DIURNO),61.479,148.69,87.73,13
2021-2023,1º,FARMÁCIA (BACHARELADO) - DARCY RIBEIRO (NOTURNO),1.36,88.621,24.888,24
2021-2023,1º,FILOSOFIA (BACHARELADO/LICENCIATURA) - DARCY RIBEIRO (DIURNO),-46.731,34.653,-12.396,14
2021-2023,1º,FISIOTERAPIA (BACHARELADO) - DARCY RIBEIRO (NOTURNO),21.889,79.217,39.488,16
2021-2023,1º,FONOAUDIOLOGIA (BACHARELADO) - DARCY RIBEIRO (NOTURNO),11.271,64.645,30.293,10
2021-2023,1º,FÍSICA (BACHARELADO) - DARCY RIBEIRO (DIURNO),-30.858,141.578,31.362,14
2021-2023,1º,GEOFÍSICA (BACHARELADO) - DARCY RIBEIRO (DIURNO),-47.521,-2.055,-19.997,6
2021-2023,1º,GEOGRAFIA (BACHARELADO/LICENCIATURA) - DARCY RIBEIRO (DIURNO),-53.956,44.373,-13.344,16
2021-2023,1º,GEOLOGIA (BACHARELADO) - DARCY RIBEIRO (DIURNO),-69.169,97.846,-10.314,14
2021-2023,1º,GESTÃO DE AGRONEGÓCIO (BACHARELADO) - DARCY RIBEIRO (NOTURNO),-83.888,-27.976,-55.638,8
2021-2023,1º,GESTÃO DE POLÍTICAS PÚBLICAS (BACHARELADO) - DARCY RIBEIRO (NOTURNO),-50.388,89.961,-10.923,24
2021-2023,1º,HISTÓRIA (BACHARELADO/LICENCIATURA) - DARCY RIBEIRO (DIURNO),27.072,120.935,59.154,13
2021-2023,1º,HISTÓRIA (LICENCIATURA) - DARCY RIBEIRO (NOTURNO),-69.357,12.295,-23.945,8
2021-2023,1º,JORNALISMO (BACHARELADO) - DARCY RIBEIRO (DIURNO),54.785,130.233,93.063,7
2021-2023,1º,LETRAS - PORTUGUÊS DO BRASIL COMO SEGUNDA LÍNGUA (LICENCIATURA) - DARCY RIBEIRO (DIURNO),-49.96,58.052,-7.274,7
2021-2023,1º,LETRAS - TRADUÇÃO - FRANCÊS (BACHARELADO) - DARCY RIBEIRO (DIURNO),-27.088,108.22,40.566,2
2021-2023,1º,LETRAS - TRADUÇÃO - INGLÊS (BACHARELADO) - DARCY RIBEIRO (DIURNO),-22.54,26.575,1.784,6
2021-2023,1º,LETRAS - TRADUÇÃO ESPANHOL (BACHARELADO) - DARCY RIBEIRO (NOTURNO),-56.295,-56.295,-56.295,1
2021-2023,1º,LICENCIATURA EM ARTES CÊNICAS - DARCY RIBEIRO (DIURNO),-1.077,21.881,11.29,5
2021-2023,1º,LICENCIATURA EM ARTES CÊNICAS - DARCY RIBEIRO (NOTURNO),25.467,25.467,25.467,1
2021-2023,1º,LICENCIATURA EM CIÊNCIAS BIOLÓGICAS - DARCY RIBEIRO (NOTURNO),-26.626,67.671,10.312,18
2021-2023,1º,LICENCIATURA EM FÍSICA - DARCY RIBEIRO (NOTURNO),55.585,55.585,55.585,1
2021-2023,1º,LICENCIATURA EM MATEMÁTICA - DARCY RIBEIRO (NOTURNO),-73.474,22.858,-27.23,6
2021-2023,1º,LICENCIATURA EM QUÍMICA - DARCY RIBEIRO (NOTURNO),-21.346,1.634,-8.994,4
2021-2023,1º,LÍNGUA E LITERATURA JAPONESA (LICENCIATURA) - DARCY RIBEIRO (NOTURNO),-5.043,-5.043,-5.043,1
2021-2023,1º,LÍNGUA ESPANHOLA E LITERATURA ESPANHOLA E HISPANO-AMERICANA (LICENCIATURA) - DARCY RIBEIRO (NOTURNO),-13.667,-13.667,-13.667,1
2021-2023,1º,LÍNGUA INGLESA E RESPECTIVA LITERATURA (BACHARELADO/LICENCIATURA) - DARCY RIBEIRO (DIURNO),25.592,72.62,47.821,5
2021-2023,1º,LÍNGUA PORTUGUESA E RESPECTIVA LITERATURA (BACHARELADO/LICENCIATURA) - DARCY RIBEIRO (DIURNO),23.995,82.448,57.818,9
2021-2023,1º,LÍNGUA PORTUGUESA E RESPECTIVA LITERATURA (LICENCIATURA) - DARCY RIBEIRO (NOTURNO),-46.157,-9.045,-29.121,4
2021-2023,1º,MATEMÁTICA (BACHARELADO/LICENCIATURA) - DARCY RIBEIRO (DIURNO),-3.905,75.036,27.612,9
2021-2023,1º,MEDICINA (BACHARELADO) - DARCY RIBEIRO (DIURNO),171.43,211.738,187.068,13
2021-2023,1º,MEDICINA VETERINÁRIA (BACHARELADO) - DARCY RIBEIRO (DIURNO),69.156,127.484,97.9,12
2021-2023,1º,MUSEOLOGIA (BACHARELADO) - DARCY RIBEIRO (DIURNO),-59.957,11.393,-30.12,8
2021-2023,1º,MÚSICA (BACHARELADO)* - DARCY RIBEIRO (DIURNO),-23.394,-23.394,-23.394,1
2021-2023,1º,MÚSICA (LICENCIATURA)* - DARCY RIBEIRO (DIURNO),-41.36,25.412,-7.495,4
2021-2023,1º,NUTRIÇÃO (BACHARELADO) - DARCY RIBEIRO (DIURNO),61.439,101.845,77.944,11
2021-2023,1º,ODONTOLOGIA (BACHARELADO) - DARCY RIBEIRO (DIURNO),87.346,104.035,95.605,8
2021-2023,1º,PEDAGOGIA (LICENCIATURA) - DARCY RIBEIRO (DIURNO),-17.402,60.661,2.013,23
2021-2023,1º,PEDAGOGIA (LICENCIATURA) - DARCY RIBEIRO (NOTURNO),-92.426,5.534,-49.682,18
2021-2023,1º,PSICOLOGIA (BACHARELADO / LICENCIATURA / PSICÓLOGO) - DARCY RIBEIRO (DIURNO),73.691,139.15,101.928,15
2021-2023,1º,QUÍMICA (BACHARELADO) - DARCY RIBEIRO (DIURNO),19.074,108.78,54.966,14
2021-2023,1º,QUÍMICA TECNOLÓGICA (BACHARELADO) - DARCY RIBEIRO (DIURNO),-67.895,53.064,1.323,9
2021-2023,1º,RELAÇÕES INTERNACIONAIS (BACHARELADO) - DARCY RIBEIRO (DIURNO),86.919,138.473,104.216,15
2021-2023,1º,SAÚDE COLETIVA (BACHARELADO) - DARCY RIBEIRO (NOTURNO),-79.717,25.273,-35.737,22
2021-2023,1º,SERVIÇO SOCIAL (BACHARELADO) - DARCY RIBEIRO (DIURNO),-38.817,26.034,-10.708,14
2021-2023,1º,SERVIÇO SOCIAL (BACHARELADO) - DARCY RIBEIRO (NOTURNO),-69.15,1.997,-25.112,8
2021-2023,1º,"TEORIA, CRÍTICA E HISTÓRIA DA ARTE (BACHARELADO) - DARCY RIBEIRO (NOTURNO)",-56.171,25.563,-23.839,3
2021-2023,1º,TERAPIA OCUPACIONAL (BACHARELADO) - DARCY RIBEIRO (NOTURNO),-15.863,37.633,1.322,14
2021-2023,1º,TURISMO (BACHARELADO) - DARCY RIBEIRO (DIURNO),-95.121,-32.42,-57.923,6
2021-2023,2º,(BACHARELADOS)** - DARCY RIBEIRO (NOTURNO),10.083,52.485,29.85,136
2021-2023,2º,ADMINISTRAÇÃO (BACHARELADO) - DARCY RIBEIRO (DIURNO),-20.512,26.113,-0.631,39
2021-2023,2º,ADMINISTRAÇÃO (BACHARELADO) - DARCY RIBEIRO (NOTURNO),-88.215,-37.583,-63.105,11
2021-2023,2º,AGRONOMIA (BACHARELADO) - DARCY RIBEIRO (DIURNO),-100.363,-20.978,-47.32,34
2021-2023,2º,ARQUITETURA E URBANISMO (BACHARELADO) - DARCY RIBEIRO (DIURNO),69.158,82.385,76.802,9
2021-2023,2º,ARQUITETURA E URBANISMO (BACHARELADO) - DARCY RIBEIRO (NOTURNO),6.657,53.512,32.548,17
2021-2023,2º,ARTES CÊNICAS - INTERPRETAÇÃO TEATRAL (BACHARELADO) - DARCY RIBEIRO (DIURNO),1.365,4.282,2.824,2
2021-2023,2º,ARTES VISUAIS (BACHARELADO)* - DARCY RIBEIRO (DIURNO),-44.725,-23.129,-33.927,2
2021-2023,2º,ARTES VISUAIS (LICENCIATURA)* - DARCY RIBEIRO (DIURNO),11.447,38.274,24.339,5
2021-2023,2º,BIOTECNOLOGIA (BACHARELADO) - DARCY RIBEIRO (DIURNO),7.918,60.319,36.93,27
2021-2023,2º,CIÊNCIA DA COMPUTAÇÃO (BACHARELADO) - DARCY RIBEIRO (DIURNO),110.944,141.414,127.835,14
2021-2023,2º,CIÊNCIA POLÍTICA (BACHARELADO) - DARCY RIBEIRO (DIURNO),10.242,46.242,27.753,28
2021-2023,2º,CIÊNCIAS BIOLÓGICAS (BACHARELADO) - DARCY RIBEIRO (DIURNO),50.493,78.168,61.233,16
2021-2023,2º,CIÊNCIAS CONTÁBEIS (BACHARELADO) - DARCY RIBEIRO (DIURNO),-67.47,-6.679,-31.1,19
2021-2023,2º,CIÊNCIAS ECONÔMICAS (BACHARELADO) - DARCY RIBEIRO (DIURNO),35.727,80.086,60.663,29
2021-2023,2º,CIÊNCIAS SOCIAIS - ANTROPOLOGIA / SOCIOLOGIA (BACHARELADO/LICENCIATURA) - DARCY RIBEIRO (DIURNO),-65.269,-19.402,-38.417,13
2021-2023,2º,COMPUTAÇÃO (LICENCIATURA) - DARCY RIBEIRO (NOTURNO),-94.831,-46.621,-63.942,6
2021-2023,2º,COMUNICAÇÃO SOCIAL - AUDIOVISUAL (BACHARELADO) - DARCY RIBEIRO (DIURNO),17.84,53.676,35.293,13
2021-2023,2º,COMUNICAÇÃO SOCIAL - PUBLICIDADE E PROPAGANDA (BACHARELADO) - DARCY RIBEIRO (DIURNO),52.618,67.666,59.031,5
2021-2023,2º,DESIGN - PROGRAMAÇÃO VISUAL/PROJETO DO PRODUTO (BACHARELADO) - DARCY RIBEIRO (DIURNO),28.563,52.957,38.647,9
2021-2023,2º,DIREITO (BACHARELADO) - DARCY RIBEIRO (DIURNO),85.158,115.854,104.572,20
2021-2023,2º,DIREITO (BACHARELADO) - DARCY RIBEIRO (NOTURNO),84.623,100.151,91.219,17
2021-2023,2º,DIREITO (BACHARELADO) - SUB JUDICE - DARCY RIBEIRO (DIURNO),101.589,101.589,101.589,1
2021-2023,2º,EDUCAÇÃO FÍSICA (BACHARELADO) - DARCY RIBEIRO (DIURNO),-11.349,9.882,-2.011,16
2021-2023,2º,EDUCAÇÃO FÍSICA (LICENCIATURA) - DARCY RIBEIRO (DIURNO),-88.991,-23.948,-55.097,35
2021-2023,2º,ENFERMAGEM (BACHARELADO) - DARCY RIBEIRO (DIURNO),17.036,44.558,29.819,23
2021-2023,2º,ENFERMAGEM (BACHARELADO) - DARCY RIBEIRO (NOTURNO),-6.108,36.588,19.044,24
2021-2023,2º,ENGENHARIA AMBIENTAL (BACHARELADO) - DARCY RIBEIRO (DIURNO),-79.088,-30.857,-44.426,9
2021-2023,2º,ENGENHARIA CIVIL (BACHARELADO) - DARCY RIBEIRO (DIURNO),-7.884,54.918,18.499,26
2021-2023,2º,ENGENHARIA DE COMPUTAÇÃO (BACHARELADO) - DARCY RIBEIRO (DIURNO),91.375,112.895,104.085,14
2021-2023,2º,ENGENHARIA DE REDES DE COMUNICAÇÃO (BACHARELADO) - DARCY RIBEIRO (DIURNO),-72.97,11.19,-23.253,28
2021-2023,2º,ENGENHARIA ELÉTRICA (BACHARELADO) - DARCY RIBEIRO (DIURNO),-74.806,80.518,10.643,23
2021-2023,2º,ENGENHARIA MECATRÔNICA - CONTROLE E AUTOMAÇÃO (BACHARELADO) - DARCY RIBEIRO (DIURNO),-34.629,1.537,-17.536,9
2021-2023,2º,ENGENHARIA MECÂNICA (BACHARELADO) - DARCY RIBEIRO (DIURNO),-39.855,47.096,1.306,27
2021-2023,2º,ENGENHARIA QUÍMICA (BACHARELADO) - DARCY RIBEIRO (DIURNO),-81.964,40.261,0.527,15
2021-2023,2º,ESTATÍSTICA (BACHARELADO) - DARCY RIBEIRO (DIURNO),-40.807,7.906,-13.55,11
2021-2023,2º,FARMÁCIA (BACHARELADO) - DARCY RIBEIRO (DIURNO),27.284,61.155,45.329,14
2021-2023,2º,FARMÁCIA (BACHARELADO) - DARCY RIBEIRO (NOTURNO),-85.931,1.418,-32.684,40
2021-2023,2º,FISIOTERAPIA (BACHARELADO) - DARCY RIBEIRO (NOTURNO),-4.271,21.825,7.875,24
2021-2023,2º,FONOAUDIOLOGIA (BACHARELADO) - DARCY RIBEIRO (NOTURNO),-55.494,11.061,-23.415,23
2021-2023,2º,FÍSICA (BACHARELADO) - DARCY RIBEIRO (DIURNO),-87.854,-37.874,-60.489,3
2021-2023,2º,GESTÃO DE POLÍTICAS PÚBLICAS (BACHARELADO) - DARCY RIBEIRO (NOTURNO),-67.745,-51.05,-59.616,9
2021-2023,2º,HISTÓRIA (BACHARELADO/LICENCIATURA) - DARCY RIBEIRO (DIURNO),-5.739,26.487,13.376,14
2021-2023,2º,JORNALISMO (BACHARELADO) - DARCY RIBEIRO (DIURNO),47.009,52.439,49.284,4
2021-2023,2º,LETRAS - TRADUÇÃO - INGLÊS (BACHARELADO) - DARCY RIBEIRO (DIURNO),-66.268,-32.299,-52.192,6
2021-2023,2º,LICENCIATURA EM ARTES CÊNICAS - DARCY RIBEIRO (DIURNO),-55.872,-37.271,-44.863,3
2021-2023,2º,LICENCIATURA EM CIÊNCIAS BIOLÓGICAS - DARCY RIBEIRO (NOTURNO),-65.371,-39.245,-50.95,4
2021-2023,2º,LÍNGUA INGLESA E RESPECTIVA LITERATURA (BACHARELADO/LICENCIATURA) - DARCY RIBEIRO (DIURNO),-25.787,23.225,-7.667,11
2021-2023,2º,LÍNGUA PORTUGUESA E RESPECTIVA LITERATURA (BACHARELADO/LICENCIATURA) - DARCY RIBEIRO (DIURNO),-51.33,17.112,-13.121,15
2021-2023,2º,MATEMÁTICA (BACHARELADO/LICENCIATURA) - DARCY RIBEIRO (DIURNO),-63.515,-9.985,-31.098,10
2021-2023,2º,MEDICINA (BACHARELADO) - DARCY RIBEIRO (DIURNO),158.96,170.679,164.629,9
2021-2023,2º,MEDICINA VETERINÁRIA (BACHARELADO) - DARCY RIBEIRO (DIURNO),44.306,68.461,56.84,15
2021-2023,2º,NUTRIÇÃO (BACHARELADO) - DARCY RIBEIRO (DIURNO),29.529,55.641,42.251,13
2021-2023,2º,ODONTOLOGIA (BACHARELADO) - DARCY RIBEIRO (DIURNO),58.754,80.528,69.539,9
2021-2023,2º,PEDAGOGIA (LICENCIATURA) - DARCY RIBEIRO (DIURNO),-78.28,-17.829,-46.408,43
2021-2023,2º,PSICOLOGIA (BACHARELADO / LICENCIATURA / PSICÓLOGO) - DARCY RIBEIRO (DIURNO),62.542,110.601,76.243,20
2021-2023,2º,QUÍMICA (BACHARELADO) - DARCY RIBEIRO (DIURNO),-51.459,18.948,-3.256,20
2021-2023,2º,RELAÇÕES INTERNACIONAIS (BACHARELADO) - DARCY RIBEIRO (DIURNO),72.89,86.65,79.241,13
2021-2023,2º,SERVIÇO SOCIAL (BACHARELADO) - DARCY RIBEIRO (DIURNO),-77.837,-41.881,-59.232,5
2021-2023,2º,TERAPIA OCUPACIONAL (BACHARELADO) - DARCY RIBEIRO (NOTURNO),-95.544,-18.97,-49.971,41
2020-2022,1º,(BACHARELADO),-32.749,50.344,8.088,6
2020-2022,1º,(BACHARELADOS)**,27.893,178.331,61.169,104
2020-2022,1º,(BACHARELADOS)**  SUB JUDICE,76.506,76.506,76.506,1
2020-2022,1º,ADMINISTRACAO (BACHARELADO),-55.6,98.219,17.515,60
2020-2022,1º,AGRONOMIA (BACHARELADO),-31.687,104.416,6.606,42
2020-2022,1º,ARQUITETURA E URBANISMO (BACHARELADO),38.496,121.99,74.6,24
2020-2022,1º,ARQUIVOLOGIA (BACHARELADO),-82.039,32.901,-37.965,5
2020-2022,1º,ARTES CENICAS - INTERPRETACAO TEATRAL (BACHARELADO) *,-35.525,24.93,-7.676,4
2020-2022,1º,ARTES VISUAIS (BACHARELADO)*,-12.106,58.914,20.906,8
2020-2022,1º,ARTES VISUAIS (LICENCIATURA)*,-90.01,54.376,-15.362,6
2020-2022,1º,BIBLIOTECONOMIA (BACHARELADO),-69.572,-22.639,-49.103,8
2020-2022,1º,BIOTECNOLOGIA (BACHARELADO),29.906,141.975,64.377,17
2020-2022,1º,CIENCIA DA COMPUTACAO (BACHARELADO),128.099,168.535,144.8,13
2020-2022,1º,CIENCIA POLITICA (BACHARELADO),43.387,111.048,58.69,17
2020-2022,1º,CIENCIAS AMBIENTAIS (BACHARELADO),-88.634,18.579,-24.691,6
2020-2022,1º,CIENCIAS BIOLOGICAS (BACHARELADO),58.673,174.618,90.905,12
2020-2022,1º,CIENCIAS CONTABEIS (BACHARELADO),-64.695,84.034,-1.063,50
2020-2022,1º,CIENCIAS ECONOMICAS (BACHARELADO),76.331,149.64,104.419,19
2020-2022,1º,CIENCIAS NATURAIS (LICENCIATURA),-71.509,21.657,-33.042,10
2020-2022,1º,CIENCIAS SOCIAIS  ANTROPOLOGIA / SOCIOLOGIA (BACHARELADO/LICENCIATURA),-36.059,71.472,4.8,38
2020-2022,1º,COMPUTACAO (LICENCIATURA),-18.407,74.983,25.388,13
2020-2022,1º,COMUNICACAO ORGANIZACIONAL (BACHARELADO),-32.939,42.588,-0.253,17
2020-2022,1º,COMUNICACAO SOCIAL  AUDIOVISUAL (BACHARELADO),76.709,175.444,100.484,6
2020-2022,1º,COMUNICACAO SOCIAL  PUBLICIDADE E PROPAGANDA (BACHARELADO),62.484,120.186,82.248,4
2020-2022,1º,COMUNICACAO SOCIAL - PUBLICIDADE E PROPAGANDA (BACHARELADO),62.384,62.384,62.384,1
2020-2022,1º,DESIGN  PROGRAMACAO VISUAL/PROJETO DO PRODUTO (BACHARELADO),77.335,108.078,87.048,5
2020-2022,1º,DIREITO (BACHARELADO),45.852,176.907,116.905,37
2020-2022,1º,EDUCACAO FISICA (BACHARELADO),6.887,53.752,21.74,15
2020-2022,1º,EDUCACAO FISICA (LICENCIATURA),-19.858,20.985,-0.838,12
2020-2022,1º,ENFERMAGEM (BACHARELADO),24.977,77.432,46.745,30
2020-2022,1º,ENGENHARIA AMBIENTAL (BACHARELADO),-62.13,139.431,8.28,21
2020-2022,1º,ENGENHARIA CIVIL (BACHARELADO),-31.687,126.978,28.034,14
2020-2022,1º,ENGENHARIA DE COMPUTACAO (BACHARELADO),112.278,160.318,130.952,11
2020-2022,1º,ENGENHARIA DE PRODUCAO (BACHARELADO),-52.588,159.558,51.365,32
2020-2022,1º,ENGENHARIA DE REDES DE COMUNICACAO (BACHARELADO),-41.733,84.551,1.2,17
2020-2022,1º,ENGENHARIA ELETRICA (BACHARELADO),-27.726,163.248,41.238,18
2020-2022,1º,ENGENHARIA FLORESTAL (BACHARELADO),-50.298,54.606,-0.609,12
2020-2022,1º,ENGENHARIA MECANICA (BACHARELADO),-33.846,154.863,52.813,21
2020-2022,1º,ENGENHARIA MECATRONICA  CONTROLE E AUTOMACAO (BACHARELADO),88.81,162.86,117.66,16
2020-2022,1º,ENGENHARIA QUIMICA (BACHARELADO),-20.255,108.454,45.945,19
2020-2022,1º,ESTATISTICA (BACHARELADO),-81.74,122.669,30.104,24
2020-2022,1º,FARMACIA (BACHARELADO),0.176,101.253,36.861,42
2020-2022,1º,FILOSOFIA (BACHARELADO/LICENCIATURA),-65.778,92.933,-7.964,13
2020-2022,1º,FILOSOFIA (LICENCIATURA),2.725,2.725,2.725,1
2020-2022,1º,FISICA (BACHARELADO),-21.215,130.469,41.805,14
2020-2022,1º,FISIOTERAPIA (BACHARELADO),11.525,91.814,39.904,19
2020-2022,1º,FONOAUDIOLOGIA (BACHARELADO),-6.227,46.991,12.574,14
2020-2022,1º,GEOFISICA (BACHARELADO),-30.09,113.042,10.832,4
2020-2022,1º,GEOGRAFIA (BACHARELADO/LICENCIATURA),-23.824,96.723,30.025,7
2020-2022,1º,GEOLOGIA (BACHARELADO),-91.239,51.959,-14.874,12
2020-2022,1º,GESTAO AMBIENTAL (BACHARELADO),-46.76,31.975,-7.392,2
2020-2022,1º,GESTAO DE AGRONEGOCIO (BACHARELADO),-37.744,-19.741,-28.742,2
2020-2022,1º,GESTAO DE POLITICAS PUBLICAS (BACHARELADO),-65.744,40.755,-20.93,14
2020-2022,1º,GESTAO DO AGRONEGOCIO (BACHARELADO),-96.675,4.58,-46.048,2
2020-2022,1º,HISTORIA (BACHARELADO/LICENCIATURA),31.864,79.295,49.759,12
2020-2022,1º,HISTORIA (LICENCIATURA),-53.803,59.169,7.544,8
2020-2022,1º,JORNALISMO (BACHARELADO),70.953,107.228,83.884,8
2020-2022,1º,LETRAS  PORTUGUES DO BRASIL COMO SEGUNDA LINGUA (LICENCIATURA),-31.119,48.382,-6.663,11
2020-2022,1º,LETRAS  TRADUCAO  FRANCES (BACHARELADO),-75.823,8.992,-33.415,2
2020-2022,1º,LETRAS  TRADUCAO  INGLES (BACHARELADO),13.43,119.299,47.082,4
2020-2022,1º,LETRAS  TRADUCAO ESPANHOL (BACHARELADO),-52.043,-52.043,-52.043,1
2020-2022,1º,LICENCIATURA EM ARTES CENICAS*,-49.27,96.437,7.243,4
2020-2022,1º,LICENCIATURA EM CIENCIAS BIOLOGICAS,-74.053,141.546,1.455,20
2020-2022,1º,LICENCIATURA EM FISICA,-76.547,52.384,-16.757,10
2020-2022,1º,LICENCIATURA EM MATEMATICA,-50.656,1.157,-13.6,4
2020-2022,1º,LICENCIATURA EM QUIMICA,0.306,40.6,24.769,6
2020-2022,1º,LINGUA E LITERATURA JAPONESA (LICENCIATURA),-53.013,-14.325,-33.669,2
2020-2022,1º,LINGUA ESPANHOLA E LITERATURA ESPANHOLA E HISPANO-AMERICANA (LICENCIATURA),-55.904,-27.428,-41.322,3
2020-2022,1º,LINGUA FRANCESA E RESPECTIVA LITERATURA (BACHARELADO/LICENCIATURA),-46.285,33.075,-13.35,4
2020-2022,1º,LINGUA INGLESA E RESPECTIVA LITERATURA (BACHARELADO/LICENCIATURA),22.431,60.504,36.915,4
2020-2022,1º,LINGUA PORTUGUESA E RESPECTIVA LITERATURA (BACHARELADO/LICENCIATURA),33.307,56.705,47.369,6
2020-2022,1º,LINGUA PORTUGUESA E RESPECTIVA LITERATURA (LICENCIATURA),-79.901,19.512,-19.24,6
2020-2022,1º,MATEMATICA (BACHARELADO/LICENCIATURA),11.282,86.792,38.847,12
2020-2022,1º,MEDICINA (BACHARELADO),180.693,209.07,189.092,12
2020-2022,1º,MEDICINA VETERINARIA (BACHARELADO),59.668,134.95,84.376,12
2020-2022,1º,MUSEOLOGIA (BACHARELADO),-45.669,38.698,-6.976,5
2020-2022,1º,MUSICA (BACHARELADO)*,7.205,28.19,17.698,2
2020-2022,1º,MUSICA (LICENCIATURA)*,-27.39,-27.39,-27.39,1
2020-2022,1º,NUTRICAO (BACHARELADO),42.604,91.433,57.616,16
2020-2022,1º,ODONTOLOGIA (BACHARELADO),74.568,129.466,94.183,13
2020-2022,1º,PEDAGOGIA (LICENCIATURA),-86.402,56.526,-13.361,34
2020-2022,1º,PSICOLOGIA (BACHARELADO / LICENCIATURA / PSICOLOGO),98.022,176.006,126.687,14
2020-2022,1º,QUIMICA (BACHARELADO),8.535,126.092,48.614,16
2020-2022,1º,QUIMICA TECNOLOGICA (BACHARELADO),-29.361,35.844,5.084,4
2020-2022,1º,RELACOES INTERNACIONAIS (BACHARELADO),90.638,150.831,109.449,14
2020-2022,1º,SAUDE COLETIVA (BACHARELADO),-84.455,-10.106,-49.418,19
2020-2022,1º,SERVICO SOCIAL (BACHARELADO),-64.852,18.722,-20.647,16
2020-2022,1º,TERAPIA OCUPACIONAL (BACHARELADO),-43.753,51.395,-11.733,21
2020-2022,1º,TURISMO (BACHARELADO),-83.422,20.419,-36.05,7
2020-2022,2º,(BACHARELADOS)**,-93.481,27.034,-19.614,203
2020-2022,2º,ADMINISTRACAO (BACHARELADO),-82.042,18.81,-13.145,38
2020-2022,2º,AGRONOMIA (BACHARELADO),-94.881,-39.417,-58.297,25
2020-2022,2º,ARQUITETURA E URBANISMO (BACHARELADO),-13.67,72.578,27.809,34
2020-2022,2º,ARTES VISUAIS (BACHARELADO)*,-42.259,-13.305,-24.468,6
2020-2022,2º,BIOTECNOLOGIA (BACHARELADO),-60.989,20.203,-12.579,18
2020-2022,2º,CIENCIA DA COMPUTACAO (BACHARELADO),106.916,122.676,115.214,11
2020-2022,2º,CIENCIA POLITICA (BACHARELADO),-38.623,38.933,-1.065,35
2020-2022,2º,CIENCIAS BIOLOGICAS (BACHARELADO),20.722,58.487,39.059,25
2020-2022,2º,CIENCIAS CONTABEIS (BACHARELADO),-73.959,-46.184,-58.055,7
2020-2022,2º,CIENCIAS ECONOMICAS (BACHARELADO),44.853,69.962,57.604,18
2020-2022,2º,CIENCIAS SOCIAIS  ANTROPOLOGIA / SOCIOLOGIA (BACHARELADO/LICENCIATURA),-57.698,-37.134,-45.168,4
2020-2022,2º,COMPUTACAO (LICENCIATURA),-82.721,-28.073,-54.638,11
2020-2022,2º,COMUNICACAO ORGANIZACIONAL (BACHARELADO),-70.654,-55.571,-63.245,3
2020-2022,2º,COMUNICACAO SOCIAL  AUDIOVISUAL (BACHARELADO),26.192,68.499,48.604,13
2020-2022,2º,COMUNICACAO SOCIAL - PUBLICIDADE E PROPAGANDA (BACHARELADO),46.563,59.184,52.583,5
2020-2022,2º,DESIGN  PROGRAMACAO VISUAL/PROJETO DO PRODUTO (BACHARELADO),63.264,76.833,71.294,6
2020-2022,2º,DIREITO (BACHARELADO),62.825,114.112,88.916,32
2020-2022,2º,EDUCACAO FISICA (BACHARELADO),-35.456,3.763,-15.214,31
2020-2022,2º,EDUCACAO FISICA (LICENCIATURA),-111.316,-21.276,-49.427,34
2020-2022,2º,ENFERMAGEM (BACHARELADO),-8.991,42.161,17.0,36
2020-2022,2º,ENGENHARIA CIVIL (BACHARELADO),-71.516,-32.212,-48.581,5
2020-2022,2º,ENGENHARIA DE COMPUTACAO (BACHARELADO),82.804,110.611,94.54,14
2020-2022,2º,ENGENHARIA DE REDES DE COMUNICACAO (BACHARELADO),-89.204,-44.716,-60.696,4
2020-2022,2º,ENGENHARIA ELETRICA (BACHARELADO),-55.553,-33.203,-44.378,2
2020-2022,2º,ENGENHARIA MECATRONICA  CONTROLE E AUTOMACAO (BACHARELADO),-75.709,83.549,17.905,25
2020-2022,2º,ENGENHARIA QUIMICA (BACHARELADO),-53.648,-53.648,-53.648,1
2020-2022,2º,FARMACIA (BACHARELADO),-80.875,34.174,-27.107,69
2020-2022,2º,FISICA (BACHARELADO),-53.241,-27.542,-38.79,6
2020-2022,2º,FISIOTERAPIA (BACHARELADO),-6.475,10.053,2.646,12
2020-2022,2º,FONOAUDIOLOGIA (BACHARELADO),-56.29,-7.504,-30.958,25
2020-2022,2º,HISTORIA (BACHARELADO/LICENCIATURA),-28.448,29.844,-4.224,30
2020-2022,2º,JORNALISMO (BACHARELADO),47.361,62.202,54.241,8
2020-2022,2º,LETRAS  PORTUGUES DO BRASIL COMO SEGUNDA LINGUA (LICENCIATURA),-88.753,-64.469,-79.535,3
2020-2022,2º,LETRAS  TRADUCAO  INGLES (BACHARELADO),-27.454,44.769,-5.915,12
2020-2022,2º,LINGUA INGLESA E RESPECTIVA LITERATURA (BACHARELADO/LICENCIATURA),4.875,10.647,7.306,4
2020-2022,2º,LINGUA PORTUGUESA E RESPECTIVA LITERATURA (BACHARELADO/LICENCIATURA),-77.605,24.323,-17.368,24
2020-2022,2º,MATEMATICA (BACHARELADO/LICENCIATURA),-76.155,5.545,-27.915,10
2020-2022,2º,MEDICINA (BACHARELADO),165.968,178.729,171.932,9
2020-2022,2º,MEDICINA VETERINARIA (BACHARELADO),40.547,59.182,48.663,11
2020-2022,2º,NUTRICAO (BACHARELADO),16.266,40.98,25.503,21
2020-2022,2º,ODONTOLOGIA (BACHARELADO),55.399,69.779,61.037,7
2020-2022,2º,PEDAGOGIA (LICENCIATURA),-97.867,-19.323,-51.721,44
2020-2022,2º,PSICOLOGIA (BACHARELADO / LICENCIATURA / PSICOLOGO),74.239,97.599,85.598,13
2020-2022,2º,QUIMICA (BACHARELADO),-63.045,2.456,-22.067,6
2020-2022,2º,RELACOES INTERNACIONAIS (BACHARELADO),70.989,87.978,79.446,11
2020-2022,2º,SERVICO SOCIAL (BACHARELADO),-91.504,-52.562,-64.037,8
2020-2022,2º,TERAPIA OCUPACIONAL (BACHARELADO),-81.042,-49.823,-61.596,12
2019-2021,1º,(BACHARELADOS)**,26.128,175.146,62.315,113
2019-2021,1º,ADMINISTRACAO (BACHARELADO),-18.153,120.306,31.797,34
2019-2021,1º,AGRONOMIA (BACHARELADO),-33.617,49.697,-1.434,31
2019-2021,1º,ARQUITETURA E URBANISMO (BACHARELADO),18.235,137.056,68.898,25
2019-2021,1º,ARQUIVOLOGIA (BACHARELADO),-70.173,-5.298,-29.839,7
2019-2021,1º,ARTES CENICAS  INTERPRETACAO TEATRAL (BACHARELADO)*,22.845,22.845,22.845,1
2019-2021,1º,ARTES VISUAIS (BACHARELADO)*,-68.761,10.926,-15.798,5
2019-2021,1º,BIBLIOTECONOMIA (BACHARELADO),-80.935,60.65,-21.481,11
2019-2021,1º,BIOTECNOLOGIA (BACHARELADO),71.758,154.249,93.375,18
2019-2021,1º,CIENCIA DA COMPUTACAO (BACHARELADO),91.104,192.188,122.248,16
2019-2021,1º,CIENCIA POLITICA (BACHARELADO),39.954,128.476,58.485,17
2019-2021,1º,CIENCIAS AMBIENTAIS (BACHARELADO),-63.616,118.331,-13.805,7
2019-2021,1º,CIENCIAS BIOLOGICAS (BACHARELADO),46.285,143.742,81.635,12
2019-2021,1º,CIENCIAS CONTABEIS (BACHARELADO),-77.193,64.385,0.055,45
2019-2021,1º,CIENCIAS ECONOMICAS (BACHARELADO),70.694,175.077,101.586,22
2019-2021,1º,CIENCIAS NATURAIS (LICENCIATURA),-76.854,-20.469,-53.997,9
2019-2021,1º,CIENCIAS SOCIAIS  ANTROPOLOGIA / SOCIOLOGIA (BACHARELADO/LICENCIATURA),-15.478,94.463,26.154,30
2019-2021,1º,COMPUTACAO (LICENCIATURA),-61.279,34.167,-16.795,25
2019-2021,1º,COMUNICACAO ORGANIZACIONAL (BACHARELADO),-47.249,62.26,-2.848,20
2019-2021,1º,COMUNICACAO SOCIAL  AUDIOVISUAL (BACHARELADO),52.904,116.156,69.906,6
2019-2021,1º,COMUNICACAO SOCIAL  PUBLICIDADE E PROPAGANDA (BACHARELADO),77.921,129.694,95.275,4
2019-2021,1º,DESIGN  PROGRAMACAO VISUAL/PROJETO DO PRODUTO (BACHARELADO),78.53,98.283,88.703,5
2019-2021,1º,DIREITO (BACHARELADO),74.255,155.752,108.034,32
2019-2021,1º,EDUCACAO FISICA (BACHARELADO),6.549,45.082,20.412,14
2019-2021,1º,EDUCACAO FISICA (LICENCIATURA),-24.415,46.723,-7.349,15
2019-2021,1º,ENFERMAGEM (BACHARELADO),22.267,104.45,49.64,28
2019-2021,1º,ENGENHARIA AMBIENTAL (BACHARELADO),-23.316,94.16,35.564,11
2019-2021,1º,ENGENHARIA CIVIL (BACHARELADO),44.107,155.602,91.615,18
2019-2021,1º,ENGENHARIA DE COMPUTACAO (BACHARELADO),114.818,163.169,132.306,18
2019-2021,1º,ENGENHARIA DE PRODUCAO (BACHARELADO),-2.961,131.038,48.062,26
2019-2021,1º,ENGENHARIA DE REDES DE COMUNICACAO (BACHARELADO),-20.448,71.841,14.069,17
2019-2021,1º,ENGENHARIA ELETRICA (BACHARELADO),34.986,189.172,92.129,28
2019-2021,1º,ENGENHARIA FLORESTAL (BACHARELADO),-71.066,30.842,-14.315,12
2019-2021,1º,ENGENHARIA MECANICA (BACHARELADO),33.034,128.922,78.415,18
2019-2021,1º,ENGENHARIA MECATRONICA  CONTROLE E AUTOMACAO (BACHARELADO),51.177,193.348,105.843,28
2019-2021,1º,ENGENHARIA QUIMICA (BACHARELADO),31.477,168.79,74.877,23
2019-2021,1º,ESTATISTICA (BACHARELADO),-27.848,121.268,39.862,25
2019-2021,1º,FARMACIA (BACHARELADO),-1.66,114.584,38.986,36
2019-2021,1º,FILOSOFIA (BACHARELADO/LICENCIATURA),-69.896,33.582,-21.334,13
2019-2021,1º,FILOSOFIA (LICENCIATURA),-52.983,-14.057,-35.553,3
2019-2021,1º,FISICA (BACHARELADO),24.711,138.765,77.499,19
2019-2021,1º,FISIOTERAPIA (BACHARELADO),19.214,121.109,53.567,17
2019-2021,1º,FONOAUDIOLOGIA (BACHARELADO),-17.182,11.358,-3.741,7
2019-2021,1º,GEOFISICA (BACHARELADO),-48.237,8.279,-19.831,4
2019-2021,1º,GEOGRAFIA (BACHARELADO/LICENCIATURA),-56.719,44.499,-13.653,18
2019-2021,1º,GEOLOGIA (BACHARELADO),-68.729,68.345,13.995,10
2019-2021,1º,GESTAO DE AGRONEGOCIO (BACHARELADO),-61.028,11.189,-33.76,7
2019-2021,1º,GESTAO DE POLITICAS PUBLICAS (BACHARELADO),-88.856,51.644,-33.695,17
2019-2021,1º,HISTORIA (BACHARELADO/LICENCIATURA),31.443,105.499,58.601,14
2019-2021,1º,HISTORIA (LICENCIATURA),-44.375,24.313,-19.598,9
2019-2021,1º,JORNALISMO (BACHARELADO),79.756,117.234,96.133,4
2019-2021,1º,LETRAS  PORTUGUES DO BRASIL COMO SEGUNDA LINGUA (LICENCIATURA),-59.81,45.035,-4.199,11
2019-2021,1º,LETRAS  TRADUCAO  FRANCES (BACHARELADO),-28.614,14.02,-7.297,2
2019-2021,1º,LETRAS  TRADUCAO  INGLES (BACHARELADO),14.876,72.134,30.492,4
2019-2021,1º,LETRAS  TRADUCAO ESPANHOL (BACHARELADO),-59.585,-33.753,-46.669,2
2019-2021,1º,LICENCIATURA EM CIENCIAS BIOLOGICAS,-6.634,116.233,22.541,13
2019-2021,1º,LICENCIATURA EM FISICA,-68.138,94.263,22.158,4
2019-2021,1º,LICENCIATURA EM MATEMATICA,-49.204,9.671,-19.356,6
2019-2021,1º,LICENCIATURA EM QUIMICA,-32.77,-32.77,-32.77,1
2019-2021,1º,LINGUA E LITERATURA JAPONESA (LICENCIATURA),-62.925,18.808,-28.978,5
2019-2021,1º,LINGUA ESPANHOLA E LITERATURA ESPANHOLA E HISPANO-AMERICANA (LICENCIATURA),-98.76,13.701,-38.876,5
2019-2021,1º,LINGUA ESTRANGEIRA APLICADA  MULTILINGUISMO E SOCIEDADE DA INFORMACAO (BACHARELADO),-59.797,50.274,0.933,10
2019-2021,1º,LINGUA FRANCESA E RESPECTIVA LITERATURA (BACHARELADO/LICENCIATURA),-44.511,28.361,-14.339,4
2019-2021,1º,LINGUA INGLESA E RESPECTIVA LITERATURA (BACHARELADO/LICENCIATURA),21.884,50.645,36.564,6
2019-2021,1º,LINGUA PORTUGUESA E RESPECTIVA LITERATURA (BACHARELADO/LICENCIATURA),9.343,52.962,31.069,10
2019-2021,1º,LINGUA PORTUGUESA E RESPECTIVA LITERATURA (LICENCIATURA),-70.531,78.089,-18.923,7
2019-2021,1º,MATEMATICA (BACHARELADO/LICENCIATURA),11.514,91.155,33.786,12
2019-2021,1º,MEDICINA (BACHARELADO),163.498,206.948,178.248,15
2019-2021,1º,MEDICINA VETERINARIA (BACHARELADO),61.72,179.56,95.45,17
2019-2021,1º,MUSEOLOGIA (BACHARELADO),-69.548,21.708,-17.668,7
2019-2021,1º,MUSICA (LICENCIATURA)*,-52.883,59.144,1.939,5
2019-2021,1º,NUTRICAO (BACHARELADO),44.802,93.954,64.967,13
2019-2021,1º,ODONTOLOGIA (BACHARELADO),81.322,129.578,93.163,8
2019-2021,1º,PEDAGOGIA (LICENCIATURA),-67.452,44.375,-22.942,32
2019-2021,1º,PSICOLOGIA (BACHARELADO / LICENCIATURA / PSICOLOGO),99.039,137.756,115.36,16
2019-2021,1º,QUIMICA (BACHARELADO),6.54,89.253,34.299,12
2019-2021,1º,QUIMICA TECNOLOGICA (BACHARELADO),-21.218,65.907,14.426,5
2019-2021,1º,RELACOES INTERNACIONAIS (BACHARELADO),91.105,152.744,109.968,15
2019-2021,1º,SAUDE COLETIVA (BACHARELADO),-67.997,-30.724,-52.275,9
2019-2021,1º,SERVICO SOCIAL (BACHARELADO),-76.148,58.117,-5.959,28
2019-2021,1º,TERAPIA OCUPACIONAL (BACHARELADO),-25.732,19.322,-6.615,12
2019-2021,1º,TURISMO (BACHARELADO),-89.917,12.676,-48.933,12
2019-2021,2º,(BACHARELADOS)**,-92.457,25.875,-20.662,185
2019-2021,2º,ADMINISTRACAO (BACHARELADO),-88.52,29.64,-28.217,58
2019-2021,2º,AGRONOMIA (BACHARELADO),-90.111,-33.883,-53.952,25
2019-2021,2º,ARQUITETURA E URBANISMO (BACHARELADO),-15.67,59.272,28.286,33
2019-2021,2º,ARTES VISUAIS (LICENCIATURA)*,-64.241,20.443,-20.26,3
2019-2021,2º,BIOTECNOLOGIA (BACHARELADO),2.559,67.379,35.979,24
2019-2021,2º,CANDIDATOS SELECIONADOS DENTRO DO QUANTITATIVO DE VAGAS PARA O SEGUNDO SEMESTRE,-73.797,82.925,-21.432,11
2019-2021,2º,CIENCIA DA COMPUTACAO (BACHARELADO),75.568,89.283,82.211,10
2019-2021,2º,CIENCIA POLITICA (BACHARELADO),-32.474,39.561,4.153,33
2019-2021,2º,CIENCIAS BIOLOGICAS (BACHARELADO),17.651,46.066,29.302,16
2019-2021,2º,CIENCIAS CONTABEIS (BACHARELADO),-89.295,-18.772,-61.382,18
2019-2021,2º,CIENCIAS ECONOMICAS (BACHARELADO),43.577,70.119,56.165,20
2019-2021,2º,CIENCIAS SOCIAIS  ANTROPOLOGIA / SOCIOLOGIA (BACHARELADO/LICENCIATURA),-57.74,-16.11,-33.871,13
2019-2021,2º,COMPUTACAO (LICENCIATURA),-89.048,-61.453,-70.79,4
2019-2021,2º,COMUNICACAO SOCIAL  AUDIOVISUAL (BACHARELADO),29.695,49.171,38.033,12
2019-2021,2º,COMUNICACAO SOCIAL - PUBLICIDADE E PROPAGANDA (BACHARELADO),58.085,75.121,66.014,6
2019-2021,2º,DESIGN  PROGRAMACAO VISUAL/PROJETO DO PRODUTO (BACHARELADO),66.092,70.4,68.252,5
2019-2021,2º,DIREITO (BACHARELADO),53.252,107.108,84.219,35
2019-2021,2º,EDUCACAO FISICA (BACHARELADO),-14.414,5.652,-3.275,14
2019-2021,2º,EDUCACAO FISICA (LICENCIATURA),-56.636,-24.772,-39.827,15
2019-2021,2º,ENFERMAGEM (BACHARELADO),3.224,36.48,16.943,25
2019-2021,2º,ENGENHARIA AMBIENTAL (BACHARELADO),-57.691,-25.512,-35.957,6
2019-2021,2º,ENGENHARIA CIVIL (BACHARELADO),-20.311,34.736,10.291,26
2019-2021,2º,ENGENHARIA DE COMPUTACAO (BACHARELADO),84.463,113.034,96.499,16
2019-2021,2º,ENGENHARIA DE PRODUCAO (BACHARELADO),-55.187,-27.815,-42.356,3
2019-2021,2º,ENGENHARIA DE REDES DE COMUNICACAO (BACHARELADO),-63.427,-23.349,-41.235,8
2019-2021,2º,ENGENHARIA ELETRICA (BACHARELADO),-61.149,26.072,-6.688,18
2019-2021,2º,ENGENHARIA MECANICA (BACHARELADO),-63.304,25.964,-12.98,13
2019-2021,2º,ENGENHARIA MECATRONICA  CONTROLE E AUTOMACAO (BACHARELADO),-67.181,49.009,0.197,28
2019-2021,2º,ENGENHARIA QUIMICA (BACHARELADO),-73.743,31.386,-10.817,10
2019-2021,2º,ESTATISTICA (BACHARELADO),-61.15,-46.255,-53.702,2
2019-2021,2º,FARMACIA (BACHARELADO),-93.049,12.005,-35.096,54
2019-2021,2º,FISICA (BACHARELADO),-43.983,-0.867,-21.764,3
2019-2021,2º,FISIOTERAPIA (BACHARELADO),-0.2,18.337,6.389,14
2019-2021,2º,FONOAUDIOLOGIA (BACHARELADO),-65.723,-30.463,-50.932,15
2019-2021,2º,HISTORIA (BACHARELADO/LICENCIATURA),9.633,28.453,18.886,13
2019-2021,2º,HISTORIA (LICENCIATURA),-75.652,-46.01,-60.507,7
2019-2021,2º,JORNALISMO (BACHARELADO),74.586,79.048,77.698,4
2019-2021,2º,LETRAS  TRADUCAO  INGLES (BACHARELADO),-48.189,11.813,-18.169,13
2019-2021,2º,LICENCIATURA EM CIENCIAS BIOLOGICAS,-47.004,-25.296,-35.913,7
2019-2021,2º,LINGUA INGLESA E RESPECTIVA LITERATURA (BACHARELADO/LICENCIATURA),3.128,18.335,10.732,2
2019-2021,2º,LINGUA INGLESA E RESPECTIVA LITERATURA (BACHARELADO/LICENCIATURA)  SUB JUDICE,0.73,0.73,0.73,1
2019-2021,2º,LINGUA PORTUGUESA E RESPECTIVA LITERATURA (BACHARELADO/LICENCIATURA),-69.204,9.177,-25.944,21
2019-2021,2º,MATEMATICA (BACHARELADO/LICENCIATURA),-80.631,9.928,-25.074,13
2019-2021,2º,MEDICINA (BACHARELADO),152.225,163.375,157.561,12
2019-2021,2º,MEDICINA VETERINARIA (BACHARELADO),48.35,61.107,52.941,12
2019-2021,2º,NUTRICAO (BACHARELADO),26.028,41.786,33.292,7
2019-2021,2º,ODONTOLOGIA (BACHARELADO),63.752,79.572,66.881,7
2019-2021,2º,PEDAGOGIA (LICENCIATURA),-52.657,-23.176,-38.854,20
2019-2021,2º,PSICOLOGIA (BACHARELADO / LICENCIATURA / PSICOLOGO),76.485,97.329,84.298,15
2019-2021,2º,QUIMICA (BACHARELADO),-84.83,-6.177,-31.328,8
2019-2021,2º,RELACOES INTERNACIONAIS (BACHARELADO),73.353,89.935,81.405,14
2019-2021,2º,SERVICO SOCIAL (BACHARELADO),-90.673,-41.567,-54.161,6
2019-2021,2º,TERAPIA OCUPACIONAL (BACHARELADO),-88.997,-34.693,-59.209,13
